-- phpMyAdmin SQL Dump
-- version 4.8.3
-- https://www.phpmyadmin.net/
--
-- Host: 127.0.0.1
-- Waktu pembuatan: 21 Sep 2020 pada 19.48
-- Versi server: 10.1.37-MariaDB
-- Versi PHP: 7.2.12

SET SQL_MODE = "NO_AUTO_VALUE_ON_ZERO";
SET AUTOCOMMIT = 0;
START TRANSACTION;
SET time_zone = "+00:00";


/*!40101 SET @OLD_CHARACTER_SET_CLIENT=@@CHARACTER_SET_CLIENT */;
/*!40101 SET @OLD_CHARACTER_SET_RESULTS=@@CHARACTER_SET_RESULTS */;
/*!40101 SET @OLD_COLLATION_CONNECTION=@@COLLATION_CONNECTION */;
/*!40101 SET NAMES utf8mb4 */;

--
-- Database: `data_penduduk`
--

-- --------------------------------------------------------

--
-- Struktur dari tabel `tb_anggota`
--

CREATE TABLE `tb_anggota` (
  `id_anggota` int(11) NOT NULL,
  `id_kk` int(11) NOT NULL,
  `id_pend` int(11) NOT NULL,
  `hubungan` varchar(15) NOT NULL
) ENGINE=InnoDB DEFAULT CHARSET=latin1;

--
-- Dumping data untuk tabel `tb_anggota`
--

INSERT INTO `tb_anggota` (`id_anggota`, `id_kk`, `id_pend`, `hubungan`) VALUES
(1, 1, 1, 'Kepala Keluarga'),
(2, 1, 2, 'Istri'),
(3, 2, 3, 'Kepala Keluarga'),
(4, 2, 4, 'Istri'),
(5, 3, 6, 'Kepala Keluarga'),
(6, 3, 7, 'Istri'),
(7, 1, 5, 'Anak'),
(9, 3, 8, 'Anak');

-- --------------------------------------------------------

--
-- Struktur dari tabel `tb_datang`
--

CREATE TABLE `tb_datang` (
  `id_datang` int(11) NOT NULL,
  `nik` varchar(20) NOT NULL,
  `nama_datang` varchar(20) NOT NULL,
  `jekel` enum('LK','PR') NOT NULL,
  `tgl_datang` date NOT NULL,
  `pelapor` int(11) NOT NULL
) ENGINE=InnoDB DEFAULT CHARSET=latin1;

--
-- Dumping data untuk tabel `tb_datang`
--

INSERT INTO `tb_datang` (`id_datang`, `nik`, `nama_datang`, `jekel`, `tgl_datang`, `pelapor`) VALUES
(1, '90123489', 'Khoirul Iman', 'LK', '2020-09-21', 1);

-- --------------------------------------------------------

--
-- Struktur dari tabel `tb_kk`
--

CREATE TABLE `tb_kk` (
  `id_kk` int(11) NOT NULL,
  `no_kk` varchar(30) NOT NULL,
  `kepala` varchar(20) NOT NULL,
  `desa` varchar(20) NOT NULL,
  `rt` varchar(5) NOT NULL,
  `rw` varchar(5) NOT NULL,
  `kec` varchar(20) NOT NULL,
  `kab` varchar(20) NOT NULL,
  `prov` varchar(20) NOT NULL
) ENGINE=InnoDB DEFAULT CHARSET=latin1;

--
-- Dumping data untuk tabel `tb_kk`
--

INSERT INTO `tb_kk` (`id_kk`, `no_kk`, `kepala`, `desa`, `rt`, `rw`, `kec`, `kab`, `prov`) VALUES
(1, '1010202030304040', 'Juprianto', 'Majujaya', '01', '02', 'Semarang', 'Semarang', 'Jawa Tengahh'),
(2, '1010202030304012', 'Hardi', 'Majujaya', '02', '02', 'Semarang', 'Semarang', 'Jawa Tengahh'),
(3, '1010202030301111', 'Supardi', 'Majujaya', '02', '02', 'Semarang', 'Semarang', 'Jawa Tengahh'),
(4, '12300000000000321', 'Ahmad', 'Majujaya', '02', '02', 'Semarang', 'Semarang', 'Jawa Tengahh');

-- --------------------------------------------------------

--
-- Struktur dari tabel `tb_lahir`
--

CREATE TABLE `tb_lahir` (
  `id_lahir` int(11) NOT NULL,
  `nama` varchar(30) NOT NULL,
  `tgl_lh` date NOT NULL,
  `jekel` enum('LK','PR') NOT NULL,
  `id_kk` int(11) NOT NULL
) ENGINE=InnoDB DEFAULT CHARSET=latin1;

--
-- Dumping data untuk tabel `tb_lahir`
--

INSERT INTO `tb_lahir` (`id_lahir`, `nama`, `tgl_lh`, `jekel`, `id_kk`) VALUES
(1, 'Ahmad Yusuf', '2020-09-21', 'LK', 4);

-- --------------------------------------------------------

--
-- Struktur dari tabel `tb_mendu`
--

CREATE TABLE `tb_mendu` (
  `id_mendu` int(11) NOT NULL,
  `id_pdd` int(11) NOT NULL,
  `tgl_mendu` date NOT NULL,
  `sebab` varchar(20) NOT NULL
) ENGINE=InnoDB DEFAULT CHARSET=latin1;

--
-- Dumping data untuk tabel `tb_mendu`
--

INSERT INTO `tb_mendu` (`id_mendu`, `id_pdd`, `tgl_mendu`, `sebab`) VALUES
(1, 6, '2020-09-21', 'Usia Tua');

-- --------------------------------------------------------

--
-- Struktur dari tabel `tb_pdd`
--

CREATE TABLE `tb_pdd` (
  `id_pend` int(11) NOT NULL,
  `nik` varchar(20) NOT NULL,
  `nama` varchar(20) NOT NULL,
  `tempat_lh` varchar(15) NOT NULL,
  `tgl_lh` date NOT NULL,
  `jekel` enum('LK','PR') NOT NULL,
  `desa` varchar(15) NOT NULL,
  `rt` varchar(4) NOT NULL,
  `rw` varchar(4) NOT NULL,
  `agama` varchar(15) NOT NULL,
  `kawin` varchar(15) NOT NULL,
  `pekerjaan` varchar(20) NOT NULL,
  `status` enum('Ada','Meninggal','Pindah') NOT NULL
) ENGINE=InnoDB DEFAULT CHARSET=latin1;

--
-- Dumping data untuk tabel `tb_pdd`
--

INSERT INTO `tb_pdd` (`id_pend`, `nik`, `nama`, `tempat_lh`, `tgl_lh`, `jekel`, `desa`, `rt`, `rw`, `agama`, `kawin`, `pekerjaan`, `status`) VALUES
(1, '3318090603080002', 'Juprianto', 'Semarang', '2020-09-01', 'LK', 'Majujaya', '01', '02', 'Islam', 'Sudah', 'Nelayan', 'Ada'),
(2, '3318090603080012', 'Anita', 'Kudus', '2020-09-02', 'PR', 'Majujaya', '01', '02', 'Islam', 'Sudah', 'Ibu Rumah Tangga', 'Ada'),
(3, '3318091907080001', 'Hardi', 'Kudus', '2020-09-10', 'LK', 'Majujaya', '02', '02', 'Islam', 'Sudah', 'Petani', 'Ada'),
(4, '3318091907080022', 'Sawilah', 'Semarang', '2020-09-01', 'PR', 'Majujaya', '01', '04', 'Islam', 'Sudah', 'Ibu Rumah Tangga', 'Ada'),
(5, '3318090603080123', 'Ali Ahmadi', 'Semarang', '2020-09-01', 'LK', 'Majujaya', '01', '03', 'Islam', 'Belum', 'Pelajar', 'Ada'),
(6, '3318091907080001', 'Supardi', 'kudus', '2020-09-01', 'LK', 'Majujaya', '01', '04', 'Islam', 'Sudah', 'Petani', 'Meninggal'),
(7, '3318091907080007', 'Suparmi', 'Semarang', '2020-09-03', 'PR', 'Majujaya', '01', '01', 'Kristen', 'Sudah', 'Ibu Rumah Tangga', 'Pindah'),
(8, '3318090603080045', 'Rojali', 'Semarang', '2020-09-01', 'LK', 'Majujaya', '01', '02', 'Islam', 'Sudah', 'PNS', 'Ada');

-- --------------------------------------------------------

--
-- Struktur dari tabel `tb_pengguna`
--

CREATE TABLE `tb_pengguna` (
  `id_pengguna` int(11) NOT NULL,
  `nama_pengguna` varchar(20) NOT NULL,
  `username` varchar(20) NOT NULL,
  `password` varchar(20) NOT NULL,
  `level` enum('Administrator','Kaur Pemerintah') NOT NULL
) ENGINE=InnoDB DEFAULT CHARSET=latin1;

--
-- Dumping data untuk tabel `tb_pengguna`
--

INSERT INTO `tb_pengguna` (`id_pengguna`, `nama_pengguna`, `username`, `password`, `level`) VALUES
(1, 'Zainal A', 'admin', '1', 'Administrator'),
(2, 'Somat', 'kaur', '1', 'Kaur Pemerintah');

-- --------------------------------------------------------

--
-- Struktur dari tabel `tb_pindah`
--

CREATE TABLE `tb_pindah` (
  `id_pindah` int(11) NOT NULL,
  `id_pdd` int(11) NOT NULL,
  `tgl_pindah` date NOT NULL,
  `alasan` varchar(50) NOT NULL
) ENGINE=InnoDB DEFAULT CHARSET=latin1;

--
-- Dumping data untuk tabel `tb_pindah`
--

INSERT INTO `tb_pindah` (`id_pindah`, `id_pdd`, `tgl_pindah`, `alasan`) VALUES
(1, 7, '2020-09-20', 'Kerja');

--
-- Indexes for dumped tables
--

--
-- Indeks untuk tabel `tb_anggota`
--
ALTER TABLE `tb_anggota`
  ADD PRIMARY KEY (`id_anggota`),
  ADD KEY `tb_anggota_ibfk_1` (`id_pend`),
  ADD KEY `id_kk` (`id_kk`);

--
-- Indeks untuk tabel `tb_datang`
--
ALTER TABLE `tb_datang`
  ADD PRIMARY KEY (`id_datang`),
  ADD KEY `pelapor` (`pelapor`);

--
-- Indeks untuk tabel `tb_kk`
--
ALTER TABLE `tb_kk`
  ADD PRIMARY KEY (`id_kk`);

--
-- Indeks untuk tabel `tb_lahir`
--
ALTER TABLE `tb_lahir`
  ADD PRIMARY KEY (`id_lahir`),
  ADD KEY `id_kk` (`id_kk`);

--
-- Indeks untuk tabel `tb_mendu`
--
ALTER TABLE `tb_mendu`
  ADD PRIMARY KEY (`id_mendu`),
  ADD KEY `id_pdd` (`id_pdd`);

--
-- Indeks untuk tabel `tb_pdd`
--
ALTER TABLE `tb_pdd`
  ADD PRIMARY KEY (`id_pend`);

--
-- Indeks untuk tabel `tb_pengguna`
--
ALTER TABLE `tb_pengguna`
  ADD PRIMARY KEY (`id_pengguna`);

--
-- Indeks untuk tabel `tb_pindah`
--
ALTER TABLE `tb_pindah`
  ADD PRIMARY KEY (`id_pindah`),
  ADD KEY `id_pdd` (`id_pdd`);

--
-- AUTO_INCREMENT untuk tabel yang dibuang
--

--
-- AUTO_INCREMENT untuk tabel `tb_anggota`
--
ALTER TABLE `tb_anggota`
  MODIFY `id_anggota` int(11) NOT NULL AUTO_INCREMENT, AUTO_INCREMENT=10;

--
-- AUTO_INCREMENT untuk tabel `tb_datang`
--
ALTER TABLE `tb_datang`
  MODIFY `id_datang` int(11) NOT NULL AUTO_INCREMENT, AUTO_INCREMENT=2;

--
-- AUTO_INCREMENT untuk tabel `tb_kk`
--
ALTER TABLE `tb_kk`
  MODIFY `id_kk` int(11) NOT NULL AUTO_INCREMENT, AUTO_INCREMENT=5;

--
-- AUTO_INCREMENT untuk tabel `tb_lahir`
--
ALTER TABLE `tb_lahir`
  MODIFY `id_lahir` int(11) NOT NULL AUTO_INCREMENT, AUTO_INCREMENT=2;

--
-- AUTO_INCREMENT untuk tabel `tb_mendu`
--
ALTER TABLE `tb_mendu`
  MODIFY `id_mendu` int(11) NOT NULL AUTO_INCREMENT, AUTO_INCREMENT=2;

--
-- AUTO_INCREMENT untuk tabel `tb_pdd`
--
ALTER TABLE `tb_pdd`
  MODIFY `id_pend` int(11) NOT NULL AUTO_INCREMENT, AUTO_INCREMENT=9;

--
-- AUTO_INCREMENT untuk tabel `tb_pengguna`
--
ALTER TABLE `tb_pengguna`
  MODIFY `id_pengguna` int(11) NOT NULL AUTO_INCREMENT, AUTO_INCREMENT=3;

--
-- AUTO_INCREMENT untuk tabel `tb_pindah`
--
ALTER TABLE `tb_pindah`
  MODIFY `id_pindah` int(11) NOT NULL AUTO_INCREMENT, AUTO_INCREMENT=2;

--
-- Ketidakleluasaan untuk tabel pelimpahan (Dumped Tables)
--

--
-- Ketidakleluasaan untuk tabel `tb_anggota`
--
ALTER TABLE `tb_anggota`
  ADD CONSTRAINT `tb_anggota_ibfk_1` FOREIGN KEY (`id_pend`) REFERENCES `tb_pdd` (`id_pend`) ON DELETE CASCADE ON UPDATE CASCADE,
  ADD CONSTRAINT `tb_anggota_ibfk_2` FOREIGN KEY (`id_kk`) REFERENCES `tb_kk` (`id_kk`) ON DELETE CASCADE ON UPDATE CASCADE;

--
-- Ketidakleluasaan untuk tabel `tb_datang`
--
ALTER TABLE `tb_datang`
  ADD CONSTRAINT `tb_datang_ibfk_1` FOREIGN KEY (`pelapor`) REFERENCES `tb_pdd` (`id_pend`) ON DELETE CASCADE ON UPDATE CASCADE;

--
-- Ketidakleluasaan untuk tabel `tb_lahir`
--
ALTER TABLE `tb_lahir`
  ADD CONSTRAINT `tb_lahir_ibfk_1` FOREIGN KEY (`id_kk`) REFERENCES `tb_kk` (`id_kk`) ON DELETE CASCADE ON UPDATE CASCADE;

--
-- Ketidakleluasaan untuk tabel `tb_mendu`
--
ALTER TABLE `tb_mendu`
  ADD CONSTRAINT `tb_mendu_ibfk_1` FOREIGN KEY (`id_pdd`) REFERENCES `tb_pdd` (`id_pend`) ON DELETE CASCADE ON UPDATE CASCADE;

--
-- Ketidakleluasaan untuk tabel `tb_pindah`
--
ALTER TABLE `tb_pindah`
  ADD CONSTRAINT `tb_pindah_ibfk_1` FOREIGN KEY (`id_pdd`) REFERENCES `tb_pdd` (`id_pend`) ON DELETE CASCADE ON UPDATE CASCADE;
COMMIT;

/*!40101 SET CHARACTER_SET_CLIENT=@OLD_CHARACTER_SET_CLIENT */;
/*!40101 SET CHARACTER_SET_RESULTS=@OLD_CHARACTER_SET_RESULTS */;
/*!40101 SET COLLATION_CONNECTION=@OLD_COLLATION_CONNECTION */;
